dataset,target_model,baseline_model,n,target_mean,baseline_mean,diff_mean,p_value
amazon-ratings,harp_esep,harp,10,0.45936632752418516,0.45431978106498716,0.005046546459198003,0.17207442622799926
roman-empire,harp_esep,harp,10,0.7851041316986084,0.7576420724391937,0.027462059259414674,4.301247755688665e-08
