dataset,target_model,baseline_model,n,target_mean,baseline_mean,diff_mean,bootstrap_ci95_low,bootstrap_ci95_high,wins,ties,losses,t_p_value,wilcoxon_p_value,sign_flip_p_value,t_p_holm,wilcoxon_p_holm,sign_flip_p_holm
minesweeper,harp_esep,harp,10,0.8963723000000001,0.8818407,0.014531599999999988,0.012749200000000006,0.016659599999999986,10,0,0,2.3858770687987544e-07,0.005062032126267865,0.001953125,2.3858770687987544e-07,0.005062032126267865,0.001953125
