dataset,target_model,baseline_model,n,target_mean,target_std,baseline_mean,baseline_std,diff_mean,p_value,bootstrap_ci95_low,bootstrap_ci95_high,wins,ties,losses,sign_flip_p_value,sign_flip_p_holm
minesweeper,harp_esep,harp,10,0.8963723000000001,0.006701098219280497,0.8818407,0.008423691339839615,0.014531599999999988,2.3858770687987544e-07,0.012749200000000006,0.016659599999999986,10,0,0,0.001953125,0.00390625
tolokers,harp_esep,harp,10,0.7922259705717283,0.007001627600905105,0.8278737572154033,0.008326039752246044,-0.035647786643674996,3.5773723187252496e-08,-0.03958814586163235,-0.03186677294898181,0,0,10,0.001953125,0.00390625
