dataset,target_model,baseline_model,n,target_mean,baseline_mean,diff_mean,bootstrap_ci95_low,bootstrap_ci95_high,wins,ties,losses,t_p_value,wilcoxon_p_value,sign_flip_p_value,t_p_holm,wilcoxon_p_holm,sign_flip_p_holm
amazon-ratings,harp_esep,harp,10,0.45936632752418516,0.45431978106498716,0.005046546459198003,-0.001453950852155674,0.011170995235443121,7,0,3,0.17207442622799926,0.24112136827741826,0.16796875,0.17207442622799926,0.24112136827741826,0.16796875
roman-empire,harp_esep,harp,10,0.7851041316986084,0.7576420724391937,0.027462059259414674,0.024444049596786498,0.030515349209308623,10,0,0,4.301247755688665e-08,0.005033508200606249,0.001953125,8.60249551137733e-08,0.010067016401212499,0.00390625
