dataset,target_model,baseline_model,n,target_mean,baseline_mean,diff_mean,bootstrap_ci95_low,bootstrap_ci95_high,wins,ties,losses,t_p_value,sign_flip_p_value,t_p_holm,sign_flip_p_holm
amazon-ratings,harp_esep,linkx,10,0.45936632752418516,0.4634329557418823,-0.004066628217697138,-0.010256406664848316,0.001780590191483489,3,0,7,0.24111406367562957,0.25390625,0.24111406367562957,0.25390625
amazon-ratings,harp_select,linkx,10,0.45431978106498716,0.4634329557418823,-0.009113174676895142,-0.013375791907310497,-0.0040335508435964725,1,0,9,0.005653937333159866,0.009765625,0.011307874666319733,0.01953125
roman-empire,harp_esep,h2gcn,10,0.7851041316986084,0.7772502601146698,0.007853871583938599,0.006053656339645386,0.009883517026901245,10,0,0,3.246183463822928e-05,0.001953125,0.0001298473385529171,0.0078125
roman-empire,harp_select,h2gcn,10,0.7851041316986084,0.7772502601146698,0.007853871583938599,0.006071305274963379,0.00984821915626526,10,0,0,3.246183463822928e-05,0.001953125,0.0001298473385529171,0.0078125
