dataset,nodes,edges,features,classes,train,val,test,edge_homophily
minesweeper,10000,39402,7,2,5000,2500,2500,0.682782599868027
tolokers,11758,519000,10,2,5879,2939,2940,0.5945221579961464
questions,48921,153540,301,2,24460,12230,12231,0.8395662368112544
