dataset,target_model,baseline_model,n,target_mean,target_std,baseline_mean,baseline_std,diff_mean,p_value
minesweeper,harp_esep,harp,10,0.8963723000000001,0.006701098219280497,0.8818407,0.008423691339839615,0.014531599999999988,2.3858770687987544e-07
tolokers,harp_esep,harp,10,0.7922259705717283,0.007001627600905105,0.8278737572154033,0.008326039752246044,-0.035647786643674996,3.5773723187252496e-08
