dataset,target_model,baseline_model,n,target_mean,baseline_mean,diff_mean,p_value
actor,harp,linkx,10,0.35078947246074677,0.35671052634716033,-0.005921053886413586,0.2447971084641759
chameleon,harp,h2gcn,10,0.5589912295341491,0.6421052694320679,-0.0831140398979187,7.31482681360828e-06
squirrel,harp,linkx,10,0.3665706068277359,0.4547550410032272,-0.08818443417549134,6.113008433473751e-07
