dataset,target_model,baseline_model,n,target_mean,baseline_mean,diff_mean,p_value
actor,harp_esep,linkx,10,0.35618420541286466,0.35671052634716033,-0.0005263209342956376,0.9345268760206366
chameleon,harp_esep,h2gcn,10,0.6342105209827423,0.6421052694320679,-0.007894748449325561,0.39506570250102435
squirrel,harp_esep,linkx,10,0.4648414939641953,0.4547550410032272,0.010086452960968006,0.27260462980920147
