dataset,nodes,edges,features,classes,train,val,test,edge_homophily
chameleon,2277,31371,2325,5,1092,729,456,0.2299257275827994
squirrel,5201,198353,2089,5,2496,1664,1041,0.22213427576089093
actor,7600,26659,931,5,3648,2432,1520,0.21673731197719345
