dataset,target_model,baseline_model,n,target_mean,baseline_mean,diff_mean,p_value
actor,harp_select,linkx,10,0.35078947246074677,0.35671052634716033,-0.005921053886413586,0.2447971084641759
chameleon,harp_select,h2gcn,10,0.6342105209827423,0.6421052694320679,-0.007894748449325561,0.39506570250102435
cornell,harp_select,mlp,10,0.7486486494541168,0.7648648798465729,-0.016216230392456055,0.4047543508846745
squirrel,harp_select,linkx,10,0.4648414939641953,0.4547550410032272,0.010086452960968006,0.27260462980920147
texas,harp_select,mixhop,10,0.8648648619651794,0.845945942401886,0.018918919563293456,0.13230305413618973
wisconsin,harp_select,h2gcn,10,0.8745098114013672,0.8549019694328308,0.019607841968536377,0.08478521278717303
