dataset,target_model,baseline_model,n,target_mean,baseline_mean,diff_mean,bootstrap_ci95_low,bootstrap_ci95_high,wins,ties,losses,t_p_value,wilcoxon_p_value,sign_flip_p_value,t_p_holm,wilcoxon_p_holm,sign_flip_p_holm
actor,harp_select,linkx,10,0.35078947246074677,0.35671052634716033,-0.005921053886413586,-0.014935862421989472,0.0024358593672512254,3,1,6,0.2447971084641759,0.3742593192802244,0.2421875,0.9791884338567036,1.0,1.0
chameleon,harp_select,h2gcn,10,0.6342105209827423,0.6421052694320679,-0.007894748449325561,-0.024342113733291627,0.008552610874176025,4,0,6,0.39506570250102435,0.5062404808205192,0.3828125,0.9791884338567036,1.0,1.0
cornell,harp_select,mlp,10,0.7486486494541168,0.7648648798465729,-0.016216230392456055,-0.05135137438774109,0.016216212511062623,3,3,4,0.4047543508846745,0.17241510261138115,0.359375,0.9791884338567036,0.8620755130569058,1.0
squirrel,harp_select,linkx,10,0.4648414939641953,0.4547550410032272,0.010086452960968006,-0.005283382534980785,0.027185395434498768,6,0,4,0.27260462980920147,0.4445867389117455,0.298828125,0.9791884338567036,1.0,1.0
texas,harp_select,mixhop,10,0.8648648619651794,0.845945942401886,0.018918919563293456,-0.0027026951313018797,0.04054054617881775,5,3,2,0.13230305413618973,0.17241510261138115,0.203125,0.6615152706809486,0.8620755130569058,1.0
wisconsin,harp_select,h2gcn,10,0.8745098114013672,0.8549019694328308,0.019607841968536377,4.4408920985006264e-17,0.037254899740219095,7,1,2,0.08478521278717303,0.057364337754043496,0.125,0.5087112767230382,0.344186026524261,0.75
