dataset,target_model,baseline_model,n,target_mean,baseline_mean,diff_mean,p_value
cornell,harp,mlp,10,0.7486486494541168,0.7648648798465729,-0.016216230392456055,0.4047543508846745
texas,harp,mixhop,10,0.8648648619651794,0.845945942401886,0.018918919563293456,0.13230305413618973
wisconsin,harp,h2gcn,10,0.8745098114013672,0.8549019694328308,0.019607841968536377,0.08478521278717303
